Workbook

Sheet README
A1: Memory and Games — LLM Elicitation Recording Sheet
A3: This workbook collects similarity, structural-decomposition, and retrieval-likelihood ratings from nine LLM conversations (three models × three triplets) on the Bonus and Aid stories vs. the DG-KW, DG-LT, UG, TG games.
A5: Workflow
A6: 1. Run each of the nine conversations using the prompts in 'memory_games_llm_prompts.docx'. Save each transcript as a separate text file using the naming convention recommended in the Log sheet.
A7: 2. After each conversation, decode the A/B/C/D and Story 1/Story 2 labels back to actual games and stories using the mapping at the end of that triplet's section in the prompts doc.
A8: 3. Enter the model's ratings into the appropriate sheet (yellow cells = inputs). The Summary sheet recomputes automatically.
A10: Sheets
A11: Log One row per conversation. Records date, transcript filename, and any notes.
A12: P1_Similarity 72 rows. The 0–100 structural similarity rating for each (Game × Story) pair, in each conversation.
A13: P2_Structural 9 rows. Key qualitative findings from the structural-decomposition prompt: largest-gap dimensions, whether one game is distinguished by a single dimension, and whether this differs across the two stories.
A14: P3_Retrieval 36 rows. The 100-point split between Bonus and Aid for each game in each conversation.
A15: Summary Computed cross-run summaries: mean similarity by Game × Story, by Game × Model, and mean retrieval shares by Game.
... A20: Use the same model and triplet labels everywhere — the formulas match exact text.

Sheet Log
A1: Model | B1: Triplet | C1: Date (YYYY-MM-DD) | D1: Transcript filename | E1: Notes
A2: Claude Opus 4.7 | B2: 1 | C2: 2026-05-20 | D2: claude_opus_4.7_triplet1.txt
A3: Claude Opus 4.7 | B3: 2 | C3: 2026-05-20 | D3: claude_opus_4.7_triplet2.txt
A4: Claude Opus 4.7 | B4: 3 | C4: 2026-05-20 | D4: claude_opus_4.7_triplet3.txt
A5: ChatGPT 5.5 Thinking | B5: 1 | C5: 2026-05-20 | D5: chatgpt_5.5_thinking_triplet1.txt
A6: ChatGPT 5.5 Thinking | B6: 2 | C6: 2026-05-20 | D6: chatgpt_5.5_thinking_triplet2.txt
A7: ChatGPT 5.5 Thinking | B7: 3 | C7: 2026-05-20 | D7: chatgpt_5.5_thinking_triplet3.txt
A8: Gemini 3 Pro | B8: 1 | C8: 2026-05-20 | D8: gemini_3_pro_triplet1.txt | E8: Prompt 2 (structural decomposition) answered by Gemini 3.5 Flash, not 3 Pro, due to capacity at time of run.
A9: Gemini 3 Pro | B9: 2 | C9: 2026-05-20 | D9: gemini_3_pro_triplet2.txt | E9: Prompt 2 (structural decomposition) answered by Gemini 3.5 Flash, not 3 Pro, due to capacity at time of run.
A10: Gemini 3 Pro | B10: 3 | C10: 2026-05-20 | D10: gemini_3_pro_triplet3.txt

Sheet P1_Similarity
A1: Model | B1: Triplet | C1: Game | D1: Story | E1: Similarity (0–100) | F1: Brief justification (optional)
A2: Claude Opus 4.7 | B2: 1 | C2: DG-KW | D2: Bonus | E2: 88
A3: Claude Opus 4.7 | B3: 1 | C3: DG-KW | D3: Aid | E3: 92
A4: Claude Opus 4.7 | B4: 1 | C4: DG-LT | D4: Bonus | E4: 38
A5: Claude Opus 4.7 | B5: 1 | C5: DG-LT | D5: Aid | E5: 18
A6: Claude Opus 4.7 | B6: 1 | C6: UG | D6: Bonus | E6: 12
A7: Claude Opus 4.7 | B7: 1 | C7: UG | D7: Aid | E7: 8
A8: Claude Opus 4.7 | B8: 1 | C8: TG | D8: Bonus | E8: 8
A9: Claude Opus 4.7 | B9: 1 | C9: TG | D9: Aid | E9: 6
A10: Claude Opus 4.7 | B10: 2 | C10: DG-KW | D10: Bonus | E10: 86
A11: Claude Opus 4.7 | B11: 2 | C11: DG-KW | D11: Aid | E11: 92
A12: Claude Opus 4.7 | B12: 2 | C12: DG-LT | D12: Bonus | E12: 28
A13: Claude Opus 4.7 | B13: 2 | C13: DG-LT | D13: Aid | E13: 30
... A73: Gemini 3 Pro | B73: 3 | C73: TG | D73: Aid | E73: 10

Sheet P2_Structural
A1: Model | B1: Triplet | C1: Largest-gap dimensions (free text) | D1: Single dimension distinguishes one game? (Y / N) | E1: If Y, which game? | F1: If Y, which dimension? | G1: Same answer for both stories? (Y / N / —) | H1: Notes (free text)
A2: Claude Opus 4.7 | B2: 1 | C2: P2's role (dim 3) and strategic structure (dim 5), which move together; pie expandability (dim 1) compounds the gap for TG. | D2: Y | E2: DG-LT | F2: P1's initial endowment (partial vs. full) | G2: Y | H2: Claude isolates DG-LT (not TG) as the cleanest single-dimension-distinguished game. TG's gap is over-determined (dims 1, 3, 5); UG's by dims 3 and 5. Magnitude differs across stories (B-Bonus=38 > B-Aid=18) but the distinguishing dimension is the same.
A3: Claude Opus 4.7 | B3: 2 | C3: P2's role (dim 3) and strategic structure (dim 5) move together; pie expandability (dim 1) for TG. | D3: Y | E3: DG-LT | F3: P1's initial endowment (partial vs. full) | G3: Y | H3: Same logic as T1: DG-LT is the cleanest single-dim-distinguished game; TG's gap is over-determined. Both stories take identical values on dims 1, 2, 3, 5.
A4: Claude Opus 4.7 | B4: 3 | C4: P2's role (dim 3) and strategic structure (dim 5) jointly; pie expandability (dim 1) for TG. | D4: Y | E4: TG and DG-LT (two cases) | F4: Pie structure for TG; P1's initial endowment for DG-LT | G4: Y | H4: Two single-dimension distinctions: pie structure isolates TG; P1's initial endowment isolates DG-LT. Answer same for both stories. This is the only one of Claude's three runs that explicitly identifies TG as a single-dim case.
A5: ChatGPT 5.5 Thinking | B5: 1 | C5: P2's role and strategic structure (jointly); pie structure compounds for TG. | D5: Y | E5: TG | F5: Pie structure | G5: Y | H5: Model also notes P2's role distinguishes TG (P2 reciprocates rather than passive). Stories differ on Source-of-endowment (effort vs. selection) but not on the dim that isolates TG.
A6: ChatGPT 5.5 Thinking | B6: 2 | C6: P2's role and strategic structure (jointly); pie structure for TG. | D6: Y | E6: TG | F6: Pie structure | G6: Y | H6: Model says TG closest match is via dim 2 (P1 endowment) + dim 3 (passive P2). Source-of-endowment differs across stories but doesn't change core structural ranking.
A7: ChatGPT 5.5 Thinking | B7: 3 | C7: P2's role and strategic structure; pie structure especially for TG. | D7: Y | E7: TG | F7: Pie structure | G7: Y | H7: Same answer for both stories; Story 2's joint-production background makes TG marginally less remote but doesn't change which dim isolates which game.
A8: Gemini 3 Pro | B8: 1 | C8: P2's role and strategic structure; pie structure compounds for TG. | D8: Y | E8: TG and DG-LT (two cases) | F8: Pie structure for TG; P1's initial endowment for DG-LT | G8: Y | H8: Gemini 3.5 Flash answered Prompt 2 due to 3 Pro capacity limit at the time. Two single-dim distinctions reported. Same answer for both stories.
A9: Gemini 3 Pro | B9: 2 | C9: Strategic structure and P2's role; P1's initial endowment for secondary gap (DG-LT vs DG-KW). | D9: Y | E9: TG and DG-LT (two cases) | F9: Pie structure for TG; P1's initial endowment for DG-LT | G9: Y | H9: Gemini 3.5 Flash answered Prompt 2 due to 3 Pro capacity limit at the time. Two single-dim distinctions reported. Same for both stories.
A10: Gemini 3 Pro | B10: 3 | C10: P2's role and strategic structure jointly. | D10: Y | E10: DG-LT (and TG noted parenthetically) | F10: P1's initial endowment for DG-LT; pie structure for TG | G10: Y | H10: Primary answer is DG-LT distinguished by P1's endowment, with TG distinguished by pie structure mentioned as a secondary note. Same for both stories.

Sheet P3_Retrieval
A1: Model | B1: Triplet | C1: Game | D1: Bonus share (0–100) | E1: Aid share (0–100) | F1: Sum check | G1: Brief justification (optional)
A2: Claude Opus 4.7 | B2: 1 | C2: DG-KW | D2: 60 | E2: 40 | F2: =IF(OR(ISBLANK(D2),ISBLANK(E2)),"",D2+E2) -> 100
A3: Claude Opus 4.7 | B3: 1 | C3: DG-LT | D3: 75 | E3: 25 | F3: =IF(OR(ISBLANK(D3),ISBLANK(E3)),"",D3+E3) -> 100
A4: Claude Opus 4.7 | B4: 1 | C4: UG | D4: 65 | E4: 35 | F4: =IF(OR(ISBLANK(D4),ISBLANK(E4)),"",D4+E4) -> 100
A5: Claude Opus 4.7 | B5: 1 | C5: TG | D5: 70 | E5: 30 | F5: =IF(OR(ISBLANK(D5),ISBLANK(E5)),"",D5+E5) -> 100
A6: Claude Opus 4.7 | B6: 2 | C6: DG-KW | D6: 40 | E6: 60 | F6: =IF(OR(ISBLANK(D6),ISBLANK(E6)),"",D6+E6) -> 100
A7: Claude Opus 4.7 | B7: 2 | C7: DG-LT | D7: 60 | E7: 40 | F7: =IF(OR(ISBLANK(D7),ISBLANK(E7)),"",D7+E7) -> 100
A8: Claude Opus 4.7 | B8: 2 | C8: UG | D8: 65 | E8: 35 | F8: =IF(OR(ISBLANK(D8),ISBLANK(E8)),"",D8+E8) -> 100
A9: Claude Opus 4.7 | B9: 2 | C9: TG | D9: 75 | E9: 25 | F9: =IF(OR(ISBLANK(D9),ISBLANK(E9)),"",D9+E9) -> 100
A10: Claude Opus 4.7 | B10: 3 | C10: DG-KW | D10: 45 | E10: 55 | F10: =IF(OR(ISBLANK(D10),ISBLANK(E10)),"",D10+E10) -> 100
A11: Claude Opus 4.7 | B11: 3 | C11: DG-LT | D11: 60 | E11: 40 | F11: =IF(OR(ISBLANK(D11),ISBLANK(E11)),"",D11+E11) -> 100
A12: Claude Opus 4.7 | B12: 3 | C12: UG | D12: 70 | E12: 30 | F12: =IF(OR(ISBLANK(D12),ISBLANK(E12)),"",D12+E12) -> 100
A13: Claude Opus 4.7 | B13: 3 | C13: TG | D13: 70 | E13: 30 | F13: =IF(OR(ISBLANK(D13),ISBLANK(E13)),"",D13+E13) -> 100
... A37: Gemini 3 Pro | B37: 3 | C37: TG | D37: 85 | E37: 15 | F37: =IF(OR(ISBLANK(D37),ISBLANK(E37)),"",D37+E37) -> 100

Sheet Summary
A1: Summary tables — recomputed automatically from inputs
A3: 1. Mean similarity rating by Game × Story (all 9 runs pooled)
A4: Game | B4: Bonus | C4: Aid | D4: Row mean
A5: DG-KW | B5: =IFERROR(AVERAGEIFS(P1_Similarity!E:E,P1_Similarity!C:C,A5,P1_Similarity!D:D,$B$4),"") -> 94.555556 | C5: =IFERROR(AVERAGEIFS(P1_Similarity!E:E,P1_Similarity!C:C,A5,P1_Similarity!D:D,$C$4),"") -> 94.666667 | D5: =IFERROR(AVERAGE(B5:C5),"") -> 94.611111
A6: DG-LT | B6: =IFERROR(AVERAGEIFS(P1_Similarity!E:E,P1_Similarity!C:C,A6,P1_Similarity!D:D,$B$4),"") -> 51.777778 | C6: =IFERROR(AVERAGEIFS(P1_Similarity!E:E,P1_Similarity!C:C,A6,P1_Similarity!D:D,$C$4),"") -> 50.666667 | D6: =IFERROR(AVERAGE(B6:C6),"") -> 51.222222
A7: UG | B7: =IFERROR(AVERAGEIFS(P1_Similarity!E:E,P1_Similarity!C:C,A7,P1_Similarity!D:D,$B$4),"") -> 30.111111 | C7: =IFERROR(AVERAGEIFS(P1_Similarity!E:E,P1_Similarity!C:C,A7,P1_Similarity!D:D,$C$4),"") -> 29.777778 | D7: =IFERROR(AVERAGE(B7:C7),"") -> 29.944444
A8: TG | B8: =IFERROR(AVERAGEIFS(P1_Similarity!E:E,P1_Similarity!C:C,A8,P1_Similarity!D:D,$B$4),"") -> 15 | C8: =IFERROR(AVERAGEIFS(P1_Similarity!E:E,P1_Similarity!C:C,A8,P1_Similarity!D:D,$C$4),"") -> 13.888889 | D8: =IFERROR(AVERAGE(B8:C8),"") -> 14.444444
A9: (N per cell = 9)
A11: 2. Mean similarity by Game × Model (averaged across both stories and all 3 triplets)
A12: Game | B12: Claude Opus 4.7 | C12: ChatGPT 5.5 Thinking | D12: Gemini 3 Pro
A13: DG-KW | B13: =IFERROR(AVERAGEIFS(P1_Similarity!E:E,P1_Similarity!C:C,A13,P1_Similarity!A:A,$B$12),"") -> 90 | C13: =IFERROR(AVERAGEIFS(P1_Similarity!E:E,P1_Similarity!C:C,A13,P1_Similarity!A:A,$C$12),"") -> 95.5 | D13: =IFERROR(AVERAGEIFS(P1_Similarity!E:E,P1_Similarity!C:C,A13,P1_Similarity!A:A,$D$12),"") -> 98.333333
A14: DG-LT | B14: =IFERROR(AVERAGEIFS(P1_Similarity!E:E,P1_Similarity!C:C,A14,P1_Similarity!A:A,$B$12),"") -> 33.166667 | C14: =IFERROR(AVERAGEIFS(P1_Similarity!E:E,P1_Similarity!C:C,A14,P1_Similarity!A:A,$C$12),"") -> 57.166667 | D14: =IFERROR(AVERAGEIFS(P1_Similarity!E:E,P1_Similarity!C:C,A14,P1_Similarity!A:A,$D$12),"") -> 63.333333
A15: UG | B15: =IFERROR(AVERAGEIFS(P1_Similarity!E:E,P1_Similarity!C:C,A15,P1_Similarity!A:A,$B$12),"") -> 12 | C15: =IFERROR(AVERAGEIFS(P1_Similarity!E:E,P1_Similarity!C:C,A15,P1_Similarity!A:A,$C$12),"") -> 47.833333 | D15: =IFERROR(AVERAGEIFS(P1_Similarity!E:E,P1_Similarity!C:C,A15,P1_Similarity!A:A,$D$12),"") -> 30
A16: TG | B16: =IFERROR(AVERAGEIFS(P1_Similarity!E:E,P1_Similarity!C:C,A16,P1_Similarity!A:A,$B$12),"") -> 9 | C16: =IFERROR(AVERAGEIFS(P1_Similarity!E:E,P1_Similarity!C:C,A16,P1_Similarity!A:A,$C$12),"") -> 24.333333 | D16: =IFERROR(AVERAGEIFS(P1_Similarity!E:E,P1_Similarity!C:C,A16,P1_Similarity!A:A,$D$12),"") -> 10
A17: (N per cell = 6: 2 stories × 3 triplets)
A19: 3. Mean retrieval share by Game (pooled across all 9 runs)
A20: Game | B20: Bonus share | C20: Aid share | D20: Total
A21: DG-KW | B21: =IFERROR(AVERAGEIFS(P3_Retrieval!D:D,P3_Retrieval!C:C,A21),"") -> 41 | C21: =IFERROR(AVERAGEIFS(P3_Retrieval!E:E,P3_Retrieval!C:C,A21),"") -> 59 | D21: =IFERROR(B21+C21,"") -> 100
A22: DG-LT | B22: =IFERROR(AVERAGEIFS(P3_Retrieval!D:D,P3_Retrieval!C:C,A22),"") -> 54.222222 | C22: =IFERROR(AVERAGEIFS(P3_Retrieval!E:E,P3_Retrieval!C:C,A22),"") -> 45.777778 | D22: =IFERROR(B22+C22,"") -> 100
A23: UG | B23: =IFERROR(AVERAGEIFS(P3_Retrieval!D:D,P3_Retrieval!C:C,A23),"") -> 60.333333 | C23: =IFERROR(AVERAGEIFS(P3_Retrieval!E:E,P3_Retrieval!C:C,A23),"") -> 39.666667 | D23: =IFERROR(B23+C23,"") -> 100
A24: TG | B24: =IFERROR(AVERAGEIFS(P3_Retrieval!D:D,P3_Retrieval!C:C,A24),"") -> 71.666667 | C24: =IFERROR(AVERAGEIFS(P3_Retrieval!E:E,P3_Retrieval!C:C,A24),"") -> 28.333333 | D24: =IFERROR(B24+C24,"") -> 100
A25: (N per cell = 9 splits; total should be ~100)
A27: 4. Mean similarity by Game × Triplet (sanity check for position effects)
A28: Game | B28: Triplet 1 | C28: Triplet 2 | D28: Triplet 3 | E28: Range across triplets
A29: DG-KW | B29: =IFERROR(AVERAGEIFS(P1_Similarity!E:E,P1_Similarity!C:C,A29,P1_Similarity!B:B,1),"") -> 95 | C29: =IFERROR(AVERAGEIFS(P1_Similarity!E:E,P1_Similarity!C:C,A29,P1_Similarity!B:B,2),"") -> 95.166667 | D29: =IFERROR(AVERAGEIFS(P1_Similarity!E:E,P1_Similarity!C:C,A29,P1_Similarity!B:B,3),"") -> 93.666667 | E29: =IFERROR(MAX(B29:D29)-MIN(B29:D29),"") -> 1.5
A30: DG-LT | B30: =IFERROR(AVERAGEIFS(P1_Similarity!E:E,P1_Similarity!C:C,A30,P1_Similarity!B:B,1),"") -> 52.666667 | C30: =IFERROR(AVERAGEIFS(P1_Similarity!E:E,P1_Similarity!C:C,A30,P1_Similarity!B:B,2),"") -> 47.166667 | D30: =IFERROR(AVERAGEIFS(P1_Similarity!E:E,P1_Similarity!C:C,A30,P1_Similarity!B:B,3),"") -> 53.833333 | E30: =IFERROR(MAX(B30:D30)-MIN(B30:D30),"") -> 6.6666667
A31: UG | B31: =IFERROR(AVERAGEIFS(P1_Similarity!E:E,P1_Similarity!C:C,A31,P1_Similarity!B:B,1),"") -> 33.833333 | C31: =IFERROR(AVERAGEIFS(P1_Similarity!E:E,P1_Similarity!C:C,A31,P1_Similarity!B:B,2),"") -> 23.5 | D31: =IFERROR(AVERAGEIFS(P1_Similarity!E:E,P1_Similarity!C:C,A31,P1_Similarity!B:B,3),"") -> 32.5 | E31: =IFERROR(MAX(B31:D31)-MIN(B31:D31),"") -> 10.333333
A32: TG | B32: =IFERROR(AVERAGEIFS(P1_Similarity!E:E,P1_Similarity!C:C,A32,P1_Similarity!B:B,1),"") -> 14.333333 | C32: =IFERROR(AVERAGEIFS(P1_Similarity!E:E,P1_Similarity!C:C,A32,P1_Similarity!B:B,2),"") -> 15.833333 | D32: =IFERROR(AVERAGEIFS(P1_Similarity!E:E,P1_Similarity!C:C,A32,P1_Similarity!B:B,3),"") -> 13.166667 | E32: =IFERROR(MAX(B32:D32)-MIN(B32:D32),"") -> 2.6666667
A33: (Large ranges suggest position or labeling effects)
